source,page,group,label,disposition,target_slugs,reason,content_status,source_sha256
Nicho lista.pdf,1,Alimentação & Gastronomia,Alimentação & Gastronomia,nova categoria,alimentacao-e-gastronomia,"Hierarquia reconciliada; Imobiliário existente preservado, construção em segmento distinto quando aplicável.",sem_pesquisa_especifica_no_acervo; lacuna_PB-B,88212c6193a6f19394aad039c1db84ae0ec217b44b8291e8d67aed7d22d4b4b7
Nicho lista.pdf,1,Alimentação & Gastronomia,Restaurantes,nova categoria,restaurantes-e-bares,Atividade identificável no acervo; categoria ausente no catálogo inspecionado.,disponibilidade_candidata,88212c6193a6f19394aad039c1db84ae0ec217b44b8291e8d67aed7d22d4b4b7
Nicho lista.pdf,1,Alimentação & Gastronomia,Padarias,nova categoria,padarias,Atividade identificável no acervo; categoria ausente no catálogo inspecionado.,disponibilidade_candidata,88212c6193a6f19394aad039c1db84ae0ec217b44b8291e8d67aed7d22d4b4b7
Nicho lista.pdf,1,Alimentação & Gastronomia,Confeitaria / loja de doces,nova categoria,confeitarias,Atividade identificável no acervo; categoria ausente no catálogo inspecionado.,disponibilidade_candidata,88212c6193a6f19394aad039c1db84ae0ec217b44b8291e8d67aed7d22d4b4b7
Nicho lista.pdf,1,Alimentação & Gastronomia,Bolos para casamento,especialização/contexto,confeitarias,Oferta e ocasião de uso da confeitaria; não criar ultranicho.,disponibilidade_candidata,88212c6193a6f19394aad039c1db84ae0ec217b44b8291e8d67aed7d22d4b4b7
Nicho lista.pdf,1,Alimentação & Gastronomia,Supermercado,nova categoria,supermercados,Atividade identificável no acervo; categoria ausente no catálogo inspecionado.,disponibilidade_candidata,88212c6193a6f19394aad039c1db84ae0ec217b44b8291e8d67aed7d22d4b4b7
Nicho lista.pdf,1,Alimentação & Gastronomia,Cafeteria/Lanchonete,nova categoria,cafeterias;lanchonetes,Atividade identificável no acervo; categoria ausente no catálogo inspecionado.,disponibilidade_candidata,88212c6193a6f19394aad039c1db84ae0ec217b44b8291e8d67aed7d22d4b4b7
Nicho lista.pdf,1,Varejo & Comércio Local,Varejo & Comércio Local,nova categoria,varejo-e-comercio-local,"Hierarquia reconciliada; Imobiliário existente preservado, construção em segmento distinto quando aplicável.",sem_pesquisa_especifica_no_acervo; lacuna_PB-B,88212c6193a6f19394aad039c1db84ae0ec217b44b8291e8d67aed7d22d4b4b7
Nicho lista.pdf,1,Varejo & Comércio Local,Lojas de roupa,nova categoria,lojas-de-roupa,Atividade identificável no acervo; categoria ausente no catálogo inspecionado.,disponibilidade_candidata,88212c6193a6f19394aad039c1db84ae0ec217b44b8291e8d67aed7d22d4b4b7
Nicho lista.pdf,1,Varejo & Comércio Local,Lojas de móveis,nova categoria,lojas-de-moveis,Atividade identificável no acervo; categoria ausente no catálogo inspecionado.,disponibilidade_candidata,88212c6193a6f19394aad039c1db84ae0ec217b44b8291e8d67aed7d22d4b4b7
Nicho lista.pdf,1,Varejo & Comércio Local,Móveis planejados,nova categoria,moveis-planejados,Atividade identificável no acervo; categoria ausente no catálogo inspecionado.,disponibilidade_candidata,88212c6193a6f19394aad039c1db84ae0ec217b44b8291e8d67aed7d22d4b4b7
Nicho lista.pdf,1,Varejo & Comércio Local,Lojas de manicure,pendente,,Lista sugere loja; pesquisa descreve atendimento de manicure. Comércio de insumos e serviço de unhas não são equivalentes comprovados.,pendente_classificacao,88212c6193a6f19394aad039c1db84ae0ec217b44b8291e8d67aed7d22d4b4b7
Nicho lista.pdf,1,Varejo & Comércio Local,Lojas de maquiagem/perfumes,nova categoria,lojas-de-cosmeticos-e-perfumes,Atividade identificável no acervo; categoria ausente no catálogo inspecionado.,disponibilidade_candidata,88212c6193a6f19394aad039c1db84ae0ec217b44b8291e8d67aed7d22d4b4b7
Nicho lista.pdf,1,Varejo & Comércio Local,Loja de iluminação,nova categoria,lojas-de-iluminacao,Atividade identificável no acervo; categoria ausente no catálogo inspecionado.,disponibilidade_candidata,88212c6193a6f19394aad039c1db84ae0ec217b44b8291e8d67aed7d22d4b4b7
Nicho lista.pdf,1,Varejo & Comércio Local,Petshop,nova categoria,pet-shops,Atividade identificável no acervo; categoria ausente no catálogo inspecionado.,disponibilidade_candidata,88212c6193a6f19394aad039c1db84ae0ec217b44b8291e8d67aed7d22d4b4b7
Nicho lista.pdf,1,Varejo & Comércio Local,Loja de informática,nova categoria,lojas-de-informatica,Atividade identificável no acervo; categoria ausente no catálogo inspecionado.,disponibilidade_candidata,88212c6193a6f19394aad039c1db84ae0ec217b44b8291e8d67aed7d22d4b4b7
Nicho lista.pdf,1,Varejo & Comércio Local,Óticas,nova categoria,oticas,Atividade identificável no acervo; categoria ausente no catálogo inspecionado.,disponibilidade_candidata,88212c6193a6f19394aad039c1db84ae0ec217b44b8291e8d67aed7d22d4b4b7
Nicho lista.pdf,1,Varejo & Comércio Local,Loja de bateria de carro,nova categoria,lojas-de-baterias-automotivas,Atividade identificável no acervo; categoria ausente no catálogo inspecionado.,disponibilidade_candidata,88212c6193a6f19394aad039c1db84ae0ec217b44b8291e8d67aed7d22d4b4b7
Nicho lista.pdf,1,Varejo & Comércio Local,Loja de sapatos,nova categoria,lojas-de-calcados,Atividade identificável no acervo; categoria ausente no catálogo inspecionado.,disponibilidade_candidata,88212c6193a6f19394aad039c1db84ae0ec217b44b8291e8d67aed7d22d4b4b7
Nicho lista.pdf,1,Varejo & Comércio Local,Loja de colchão,nova categoria,lojas-de-colchoes,Atividade identificável no acervo; categoria ausente no catálogo inspecionado.,disponibilidade_candidata,88212c6193a6f19394aad039c1db84ae0ec217b44b8291e8d67aed7d22d4b4b7
Nicho lista.pdf,1,Varejo & Comércio Local,Loja de utilidades do lar,nova categoria,lojas-de-utilidades-domesticas,Atividade identificável no acervo; categoria ausente no catálogo inspecionado.,disponibilidade_candidata,88212c6193a6f19394aad039c1db84ae0ec217b44b8291e8d67aed7d22d4b4b7
Nicho lista.pdf,1,Varejo & Comércio Local,"Loja de cama, mesa e banho",nova categoria,lojas-de-cama-mesa-e-banho,Atividade identificável no acervo; categoria ausente no catálogo inspecionado.,disponibilidade_candidata,88212c6193a6f19394aad039c1db84ae0ec217b44b8291e8d67aed7d22d4b4b7
Nicho lista.pdf,1,Varejo & Comércio Local,"Aluguel de roupas (masculino, feminino, noivas)",nova categoria,aluguel-de-roupas,"Aluguel é atividade; gêneros e ocasião permanecem contexto, sem categorias próprias.",disponibilidade_candidata,88212c6193a6f19394aad039c1db84ae0ec217b44b8291e8d67aed7d22d4b4b7
Nicho lista.pdf,1,Varejo & Comércio Local,Joalheria,nova categoria,joalherias,Atividade identificável no acervo; categoria ausente no catálogo inspecionado.,disponibilidade_candidata,88212c6193a6f19394aad039c1db84ae0ec217b44b8291e8d67aed7d22d4b4b7
Nicho lista.pdf,1,Saúde & Bem-estar,Saúde & Bem-estar,reutilizada,saude-e-bem-estar,"Hierarquia reconciliada; Imobiliário existente preservado, construção em segmento distinto quando aplicável.",sem_pesquisa_especifica_no_acervo; lacuna_PB-B,88212c6193a6f19394aad039c1db84ae0ec217b44b8291e8d67aed7d22d4b4b7
Nicho lista.pdf,1,Saúde & Bem-estar,Clínica de estética,reutilizada,clinica-estetica,"Categoria existente preservada, inclusive hierarquia.",disponibilidade_candidata,88212c6193a6f19394aad039c1db84ae0ec217b44b8291e8d67aed7d22d4b4b7
Nicho lista.pdf,1,Saúde & Bem-estar,Médicos,reutilizada,consultorio-medico,Alias ativo médicos já aponta para consultorio-medico; nenhum alias criado.,disponibilidade_candidata,88212c6193a6f19394aad039c1db84ae0ec217b44b8291e8d67aed7d22d4b4b7
Nicho lista.pdf,1,Saúde & Bem-estar,Nutricionistas,nova categoria,nutricionistas,Atividade identificável no acervo; categoria ausente no catálogo inspecionado.,disponibilidade_candidata,88212c6193a6f19394aad039c1db84ae0ec217b44b8291e8d67aed7d22d4b4b7
Nicho lista.pdf,1,Saúde & Bem-estar,Clínicas médicas,nova categoria,clinicas-medicas,"Organização clínica multiprofissional no acervo; distinta do consultório individual existente, que permanece.",disponibilidade_candidata,88212c6193a6f19394aad039c1db84ae0ec217b44b8291e8d67aed7d22d4b4b7
Nicho lista.pdf,1,Saúde & Bem-estar,Hospitais,nova categoria,hospitais,Atividade identificável no acervo; categoria ausente no catálogo inspecionado.,disponibilidade_candidata,88212c6193a6f19394aad039c1db84ae0ec217b44b8291e8d67aed7d22d4b4b7
Nicho lista.pdf,1,Saúde & Bem-estar,Fisioterapia,nova categoria,fisioterapia,Atividade identificável no acervo; categoria ausente no catálogo inspecionado.,disponibilidade_candidata,88212c6193a6f19394aad039c1db84ae0ec217b44b8291e8d67aed7d22d4b4b7
Nicho lista.pdf,1,Saúde & Bem-estar,Salão de beleza,nova categoria,saloes-de-beleza,Atividade identificável no acervo; categoria ausente no catálogo inspecionado.,disponibilidade_candidata,88212c6193a6f19394aad039c1db84ae0ec217b44b8291e8d67aed7d22d4b4b7
Nicho lista.pdf,1,Saúde & Bem-estar,Odontologia,reutilizada,odontologia,"Categoria existente preservada, inclusive hierarquia.",disponibilidade_candidata,88212c6193a6f19394aad039c1db84ae0ec217b44b8291e8d67aed7d22d4b4b7
Nicho lista.pdf,1,Saúde & Bem-estar,Farmácia,nova categoria,farmacias,Atividade identificável no acervo; categoria ausente no catálogo inspecionado.,disponibilidade_candidata,88212c6193a6f19394aad039c1db84ae0ec217b44b8291e8d67aed7d22d4b4b7
Nicho lista.pdf,1,Saúde & Bem-estar,Spa,nova categoria,spas,Atividade identificável no acervo; categoria ausente no catálogo inspecionado.,disponibilidade_candidata,88212c6193a6f19394aad039c1db84ae0ec217b44b8291e8d67aed7d22d4b4b7
Nicho lista.pdf,1,Saúde & Bem-estar,Depilação a laser,especialização/contexto,clinica-estetica,Procedimento/serviço da clínica estética; não criar nicho de oferta nem ultranicho.,disponibilidade_candidata,88212c6193a6f19394aad039c1db84ae0ec217b44b8291e8d67aed7d22d4b4b7
Nicho lista.pdf,1,Saúde & Bem-estar,Harmonização facial / Botox,reutilizada,harmonizacao-facial,"Harmonização Facial existe; Botox permanece procedimento contextual, sem nova categoria.",disponibilidade_candidata,88212c6193a6f19394aad039c1db84ae0ec217b44b8291e8d67aed7d22d4b4b7
Nicho lista.pdf,1,Saúde & Bem-estar,Suplementos,pendente,,"Produto isolado não distingue fabricação, distribuição ou varejo; atividade não comprovada.",pendente_classificacao,88212c6193a6f19394aad039c1db84ae0ec217b44b8291e8d67aed7d22d4b4b7
Nicho lista.pdf,1,Educação,Educação,nova categoria,educacao,"Hierarquia reconciliada; Imobiliário existente preservado, construção em segmento distinto quando aplicável.",sem_pesquisa_especifica_no_acervo; lacuna_PB-B,88212c6193a6f19394aad039c1db84ae0ec217b44b8291e8d67aed7d22d4b4b7
Nicho lista.pdf,1,Educação,Escolas,nova categoria,escolas-de-educacao-basica,Atividade identificável no acervo; categoria ausente no catálogo inspecionado.,disponibilidade_candidata,88212c6193a6f19394aad039c1db84ae0ec217b44b8291e8d67aed7d22d4b4b7
Nicho lista.pdf,1,Educação,Ensino fundamental,especialização/contexto,escolas-de-educacao-basica,"Etapa de ensino da escola, sem novo nível taxonômico.",disponibilidade_candidata,88212c6193a6f19394aad039c1db84ae0ec217b44b8291e8d67aed7d22d4b4b7
Nicho lista.pdf,1,Educação,Ensino médio,especialização/contexto,escolas-de-educacao-basica,"Etapa de ensino da escola, sem novo nível taxonômico.",disponibilidade_candidata,88212c6193a6f19394aad039c1db84ae0ec217b44b8291e8d67aed7d22d4b4b7
Nicho lista.pdf,1,Educação,Cursinho,nova categoria,cursos-preparatorios,Atividade identificável no acervo; categoria ausente no catálogo inspecionado.,disponibilidade_candidata,88212c6193a6f19394aad039c1db84ae0ec217b44b8291e8d67aed7d22d4b4b7
Nicho lista.pdf,1,Educação,Línguas,nova categoria,escolas-de-idiomas,Atividade identificável no acervo; categoria ausente no catálogo inspecionado.,disponibilidade_candidata,88212c6193a6f19394aad039c1db84ae0ec217b44b8291e8d67aed7d22d4b4b7
Nicho lista.pdf,1,Educação,Natação,nova categoria,escolas-de-natacao,Atividade identificável no acervo; categoria ausente no catálogo inspecionado.,disponibilidade_candidata,88212c6193a6f19394aad039c1db84ae0ec217b44b8291e8d67aed7d22d4b4b7
Nicho lista.pdf,1,Educação,Faculdades,nova categoria,faculdades,Atividade identificável no acervo; categoria ausente no catálogo inspecionado.,disponibilidade_candidata,88212c6193a6f19394aad039c1db84ae0ec217b44b8291e8d67aed7d22d4b4b7
Nicho lista.pdf,2,Educação,Escola de música,nova categoria,escolas-de-musica,Atividade identificável no acervo; categoria ausente no catálogo inspecionado.,disponibilidade_candidata,88212c6193a6f19394aad039c1db84ae0ec217b44b8291e8d67aed7d22d4b4b7
Nicho lista.pdf,2,Educação,Escola de idiomas,duplicada,escolas-de-idiomas,Mesmo destino de Línguas; não criar segunda categoria.,disponibilidade_candidata,88212c6193a6f19394aad039c1db84ae0ec217b44b8291e8d67aed7d22d4b4b7
Nicho lista.pdf,2,Serviços Profissionais & Consultoria,Serviços Profissionais & Consultoria,reutilizada,servicos-profissionais,"Hierarquia reconciliada; Imobiliário existente preservado, construção em segmento distinto quando aplicável.",sem_pesquisa_especifica_no_acervo; lacuna_PB-B,88212c6193a6f19394aad039c1db84ae0ec217b44b8291e8d67aed7d22d4b4b7
Nicho lista.pdf,2,Serviços Profissionais & Consultoria,Escritórios de investimento,nova categoria,escritorios-de-assessoria-de-investimentos,Atividade identificável no acervo; categoria ausente no catálogo inspecionado.,disponibilidade_candidata,88212c6193a6f19394aad039c1db84ae0ec217b44b8291e8d67aed7d22d4b4b7
Nicho lista.pdf,2,Serviços Profissionais & Consultoria,Contadores,nova categoria,escritorios-de-contabilidade,Atividade identificável no acervo; categoria ausente no catálogo inspecionado.,disponibilidade_candidata,88212c6193a6f19394aad039c1db84ae0ec217b44b8291e8d67aed7d22d4b4b7
Nicho lista.pdf,2,Serviços Profissionais & Consultoria,Consultorias,nova categoria,consultorias-empresariais,Pesquisa específica explicita consultoria empresarial; não converter qualquer consultoria em equivalente financeiro.,disponibilidade_candidata,88212c6193a6f19394aad039c1db84ae0ec217b44b8291e8d67aed7d22d4b4b7
Nicho lista.pdf,2,Serviços Profissionais & Consultoria,Advogados,nova categoria,escritorios-de-advocacia,Atividade identificável no acervo; categoria ausente no catálogo inspecionado.,disponibilidade_candidata,88212c6193a6f19394aad039c1db84ae0ec217b44b8291e8d67aed7d22d4b4b7
Nicho lista.pdf,2,Serviços Profissionais & Consultoria,Arquitetos,nova categoria,escritorios-de-arquitetura,Atividade identificável no acervo; categoria ausente no catálogo inspecionado.,disponibilidade_candidata,88212c6193a6f19394aad039c1db84ae0ec217b44b8291e8d67aed7d22d4b4b7
Nicho lista.pdf,2,Serviços Profissionais & Consultoria,Corretores,reutilizada,corretor-imoveis,Pesquisa correspondente explicita corretores de imóveis; preservada hierarquia Imobiliário existente.,disponibilidade_candidata,88212c6193a6f19394aad039c1db84ae0ec217b44b8291e8d67aed7d22d4b4b7
Nicho lista.pdf,2,Imobiliário & Construção,Imobiliário & Construção,nova categoria,imobiliario;construcao,"Hierarquia reconciliada; Imobiliário existente preservado, construção em segmento distinto quando aplicável.",sem_pesquisa_especifica_no_acervo; lacuna_PB-B,88212c6193a6f19394aad039c1db84ae0ec217b44b8291e8d67aed7d22d4b4b7
Nicho lista.pdf,2,Imobiliário & Construção,Imobiliária,nova categoria,imobiliarias,Atividade identificável no acervo; categoria ausente no catálogo inspecionado.,disponibilidade_candidata,88212c6193a6f19394aad039c1db84ae0ec217b44b8291e8d67aed7d22d4b4b7
Nicho lista.pdf,2,Imobiliário & Construção,Construtora/Incorporadora,nova categoria,construtoras-e-incorporadoras,Atividade identificável no acervo; categoria ausente no catálogo inspecionado.,disponibilidade_candidata,88212c6193a6f19394aad039c1db84ae0ec217b44b8291e8d67aed7d22d4b4b7
Nicho lista.pdf,2,Imobiliário & Construção,Empresas de engenharia,nova categoria,empresas-de-engenharia,Atividade identificável no acervo; categoria ausente no catálogo inspecionado.,disponibilidade_candidata,88212c6193a6f19394aad039c1db84ae0ec217b44b8291e8d67aed7d22d4b4b7
Nicho lista.pdf,2,Imobiliário & Construção,Loja de material de construção,nova categoria,lojas-de-materiais-de-construcao,Atividade identificável no acervo; categoria ausente no catálogo inspecionado.,disponibilidade_candidata,88212c6193a6f19394aad039c1db84ae0ec217b44b8291e8d67aed7d22d4b4b7
Nicho lista.pdf,2,Imobiliário & Construção,Material de construção,nova categoria,fabricantes-de-materiais-de-construcao,"Pesquisa distingue explicitamente indústria e varejo; criar somente atividade de fabricação, sem repetir loja.",disponibilidade_candidata,88212c6193a6f19394aad039c1db84ae0ec217b44b8291e8d67aed7d22d4b4b7
Nicho lista.pdf,2,Imobiliário & Construção,Energia Solar,nova categoria,empresas-de-energia-solar,Pesquisa descreve empresas de instalação e projetos solares; tecnologia é contexto da atividade comprovada no documento.,disponibilidade_candidata,88212c6193a6f19394aad039c1db84ae0ec217b44b8291e8d67aed7d22d4b4b7
Nicho lista.pdf,2,Fitness & Esportes,Fitness & Esportes,nova categoria,fitness-e-esportes,"Hierarquia reconciliada; Imobiliário existente preservado, construção em segmento distinto quando aplicável.",sem_pesquisa_especifica_no_acervo; lacuna_PB-B,88212c6193a6f19394aad039c1db84ae0ec217b44b8291e8d67aed7d22d4b4b7
Nicho lista.pdf,2,Fitness & Esportes,Academias,nova categoria,academias-de-ginastica,Atividade identificável no acervo; categoria ausente no catálogo inspecionado.,disponibilidade_candidata,88212c6193a6f19394aad039c1db84ae0ec217b44b8291e8d67aed7d22d4b4b7
Nicho lista.pdf,2,Fitness & Esportes,Academia de artes marciais,nova categoria,academias-de-artes-marciais,Atividade identificável no acervo; categoria ausente no catálogo inspecionado.,disponibilidade_candidata,88212c6193a6f19394aad039c1db84ae0ec217b44b8291e8d67aed7d22d4b4b7
Nicho lista.pdf,2,Fitness & Esportes,Box de crossfit,nova categoria,boxes-de-crossfit,Atividade identificável no acervo; categoria ausente no catálogo inspecionado.,disponibilidade_candidata,88212c6193a6f19394aad039c1db84ae0ec217b44b8291e8d67aed7d22d4b4b7
Nicho lista.pdf,2,Hotelaria & Turismo,Hotelaria & Turismo,nova categoria,hotelaria-e-turismo,"Hierarquia reconciliada; Imobiliário existente preservado, construção em segmento distinto quando aplicável.",sem_pesquisa_especifica_no_acervo; lacuna_PB-B,88212c6193a6f19394aad039c1db84ae0ec217b44b8291e8d67aed7d22d4b4b7
Nicho lista.pdf,2,Hotelaria & Turismo,Hotel,nova categoria,hoteis,Atividade identificável no acervo; categoria ausente no catálogo inspecionado.,disponibilidade_candidata,88212c6193a6f19394aad039c1db84ae0ec217b44b8291e8d67aed7d22d4b4b7
Nicho lista.pdf,2,Hotelaria & Turismo,Motel,nova categoria,moteis,Atividade identificável no acervo; categoria ausente no catálogo inspecionado.,disponibilidade_candidata,88212c6193a6f19394aad039c1db84ae0ec217b44b8291e8d67aed7d22d4b4b7
Nicho lista.pdf,2,Hotelaria & Turismo,Agências de turismo,nova categoria,agencias-de-turismo,Atividade identificável no acervo; categoria ausente no catálogo inspecionado.,disponibilidade_candidata,88212c6193a6f19394aad039c1db84ae0ec217b44b8291e8d67aed7d22d4b4b7
Nicho lista.pdf,2,Veículos & Transportes,Veículos & Transportes,nova categoria,veiculos-e-transportes,"Hierarquia reconciliada; Imobiliário existente preservado, construção em segmento distinto quando aplicável.",sem_pesquisa_especifica_no_acervo; lacuna_PB-B,88212c6193a6f19394aad039c1db84ae0ec217b44b8291e8d67aed7d22d4b4b7
Nicho lista.pdf,2,Veículos & Transportes,Concessionária de carros,nova categoria,concessionarias-de-carros,Atividade identificável no acervo; categoria ausente no catálogo inspecionado.,disponibilidade_candidata,88212c6193a6f19394aad039c1db84ae0ec217b44b8291e8d67aed7d22d4b4b7
Nicho lista.pdf,2,Veículos & Transportes,Concessionária de lanchas,nova categoria,concessionarias-de-lanchas,Atividade identificável no acervo; categoria ausente no catálogo inspecionado.,disponibilidade_candidata,88212c6193a6f19394aad039c1db84ae0ec217b44b8291e8d67aed7d22d4b4b7
Nicho lista.pdf,2,Veículos & Transportes,Loja de pneus,nova categoria,lojas-de-pneus,Atividade identificável no acervo; categoria ausente no catálogo inspecionado.,disponibilidade_candidata,88212c6193a6f19394aad039c1db84ae0ec217b44b8291e8d67aed7d22d4b4b7
Nicho lista.pdf,2,Veículos & Transportes,Empresa de mudanças,nova categoria,empresas-de-mudancas,Atividade identificável no acervo; categoria ausente no catálogo inspecionado.,disponibilidade_candidata,88212c6193a6f19394aad039c1db84ae0ec217b44b8291e8d67aed7d22d4b4b7
Nicho lista.pdf,2,Veículos & Transportes,Oficinas,nova categoria,oficinas-mecanicas,Atividade identificável no acervo; categoria ausente no catálogo inspecionado.,disponibilidade_candidata,88212c6193a6f19394aad039c1db84ae0ec217b44b8291e8d67aed7d22d4b4b7
Nicho lista.pdf,2,Manutenção & Serviços Gerais,Manutenção & Serviços Gerais,nova categoria,manutencao-e-servicos-gerais,"Hierarquia reconciliada; Imobiliário existente preservado, construção em segmento distinto quando aplicável.",sem_pesquisa_especifica_no_acervo; lacuna_PB-B,88212c6193a6f19394aad039c1db84ae0ec217b44b8291e8d67aed7d22d4b4b7
Nicho lista.pdf,2,Manutenção & Serviços Gerais,Lavanderias,nova categoria,lavanderias,Atividade identificável no acervo; categoria ausente no catálogo inspecionado.,sem_pesquisa_especifica_no_acervo; lacuna_PB-B,88212c6193a6f19394aad039c1db84ae0ec217b44b8291e8d67aed7d22d4b4b7
Nicho lista.pdf,2,Manutenção & Serviços Gerais,"Empresas de limpeza de sofá, tapete e carpete",nova categoria,empresas-de-limpeza-de-estofados-e-tapetes,Atividade identificável no acervo; categoria ausente no catálogo inspecionado.,sem_pesquisa_especifica_no_acervo; lacuna_PB-B,88212c6193a6f19394aad039c1db84ae0ec217b44b8291e8d67aed7d22d4b4b7
Nicho lista.pdf,2,Manutenção & Serviços Gerais,Manutenção de eletrodomésticos,nova categoria,manutencao-de-eletrodomesticos,Atividade identificável no acervo; categoria ausente no catálogo inspecionado.,sem_pesquisa_especifica_no_acervo; lacuna_PB-B,88212c6193a6f19394aad039c1db84ae0ec217b44b8291e8d67aed7d22d4b4b7
Nicho lista.pdf,2,Tecnologia & Comunicação,Tecnologia & Comunicação,nova categoria,tecnologia-e-comunicacao,"Hierarquia reconciliada; Imobiliário existente preservado, construção em segmento distinto quando aplicável.",sem_pesquisa_especifica_no_acervo; lacuna_PB-B,88212c6193a6f19394aad039c1db84ae0ec217b44b8291e8d67aed7d22d4b4b7
Nicho lista.pdf,2,Tecnologia & Comunicação,Provedores de internet,nova categoria,provedores-de-internet,Atividade identificável no acervo; categoria ausente no catálogo inspecionado.,sem_pesquisa_especifica_no_acervo; lacuna_PB-B,88212c6193a6f19394aad039c1db84ae0ec217b44b8291e8d67aed7d22d4b4b7
Nicho lista.pdf,2,Tecnologia & Comunicação,Gráficas / Gráfica rápida,nova categoria,graficas,"Gráfica rápida é contexto operacional da gráfica, sem segundo taxon.",sem_pesquisa_especifica_no_acervo; lacuna_PB-B,88212c6193a6f19394aad039c1db84ae0ec217b44b8291e8d67aed7d22d4b4b7
Nicho lista.pdf,2,Tecnologia & Comunicação,Sonorização de eventos,nova categoria,sonorizacao-de-eventos,Atividade identificável no acervo; categoria ausente no catálogo inspecionado.,sem_pesquisa_especifica_no_acervo; lacuna_PB-B,88212c6193a6f19394aad039c1db84ae0ec217b44b8291e8d67aed7d22d4b4b7
Nicho lista.pdf,2,Outros Nichos,Outros Nichos,pendente,,Agrupamento geral sem nível próprio.,pendente_classificacao,88212c6193a6f19394aad039c1db84ae0ec217b44b8291e8d67aed7d22d4b4b7
Nicho lista.pdf,2,Outros Nichos,Empresas de produtos naturais,pendente,,"Rótulo de produto não comprova fabricação, distribuição ou varejo nem pai seguro.",pendente_classificacao,88212c6193a6f19394aad039c1db84ae0ec217b44b8291e8d67aed7d22d4b4b7
Nicho lista.pdf,2,Outros Nichos,Consultorias financeiras,nova categoria,consultorias-financeiras,Atividade identificável no acervo; categoria ausente no catálogo inspecionado.,sem_pesquisa_especifica_no_acervo; lacuna_PB-B,88212c6193a6f19394aad039c1db84ae0ec217b44b8291e8d67aed7d22d4b4b7
Nicho lista.pdf,2,Outros Nichos,Sonorização de eventos,duplicada,sonorizacao-de-eventos,"Ocorrência repetida no acervo; mesmo destino, sem segunda categoria.",sem_pesquisa_especifica_no_acervo; lacuna_PB-B,88212c6193a6f19394aad039c1db84ae0ec217b44b8291e8d67aed7d22d4b4b7
Alimentação e Gastronomia.pdf,1,Alimentação e Gastronomia,Restaurantes/Bares,duplicada,restaurantes-e-bares,Pesquisa específica vinculada ao destino já reconciliado; não gera taxon adicional. Atividade identificável no acervo; categoria ausente no catálogo inspecionado.,disponibilidade_candidata,aee99dbe347f7111f2cd54ca5cc1c85f61fdd0128ac43a3e92e9d9096f195c7a
Alimentação e Gastronomia.pdf,1,Alimentação e Gastronomia,Padarias,duplicada,padarias,Pesquisa específica vinculada ao destino já reconciliado; não gera taxon adicional. Atividade identificável no acervo; categoria ausente no catálogo inspecionado.,disponibilidade_candidata,aee99dbe347f7111f2cd54ca5cc1c85f61fdd0128ac43a3e92e9d9096f195c7a
Alimentação e Gastronomia.pdf,1,Alimentação e Gastronomia,Confeitarias,duplicada,confeitarias,Pesquisa específica vinculada ao destino já reconciliado; não gera taxon adicional. Atividade identificável no acervo; categoria ausente no catálogo inspecionado.,disponibilidade_candidata,aee99dbe347f7111f2cd54ca5cc1c85f61fdd0128ac43a3e92e9d9096f195c7a
Alimentação e Gastronomia.pdf,1,Alimentação e Gastronomia,Supermercados,duplicada,supermercados,Pesquisa específica vinculada ao destino já reconciliado; não gera taxon adicional. Atividade identificável no acervo; categoria ausente no catálogo inspecionado.,disponibilidade_candidata,aee99dbe347f7111f2cd54ca5cc1c85f61fdd0128ac43a3e92e9d9096f195c7a
Alimentação e Gastronomia.pdf,1,Alimentação e Gastronomia,Cafeterias,duplicada,cafeterias,Pesquisa específica vinculada ao destino já reconciliado; não gera taxon adicional. Atividade identificável no acervo; categoria ausente no catálogo inspecionado.,disponibilidade_candidata,aee99dbe347f7111f2cd54ca5cc1c85f61fdd0128ac43a3e92e9d9096f195c7a
Educação.pdf,1,Educação,Faculdades Privadas,duplicada,faculdades,Pesquisa específica vinculada ao destino já reconciliado; não gera taxon adicional. Atividade identificável no acervo; categoria ausente no catálogo inspecionado.,disponibilidade_candidata,fb9403295b3428205f0fd128ce0c7cf4f4fb83e2437faade03e1ebfcd05d1291
Educação.pdf,1,Educação,Escolas de Idiomas,duplicada,escolas-de-idiomas,Pesquisa específica vinculada ao destino já reconciliado; não gera taxon adicional. Atividade identificável no acervo; categoria ausente no catálogo inspecionado.,disponibilidade_candidata,fb9403295b3428205f0fd128ce0c7cf4f4fb83e2437faade03e1ebfcd05d1291
Educação.pdf,1,Educação,Cursinhos (Vestibular/Concurso),duplicada,cursos-preparatorios,Pesquisa específica vinculada ao destino já reconciliado; não gera taxon adicional. Atividade identificável no acervo; categoria ausente no catálogo inspecionado.,disponibilidade_candidata,fb9403295b3428205f0fd128ce0c7cf4f4fb83e2437faade03e1ebfcd05d1291
Educação.pdf,1,Educação,Colégios (Fundamental/Médio),duplicada,escolas-de-educacao-basica,Pesquisa específica vinculada ao destino já reconciliado; não gera taxon adicional. Atividade identificável no acervo; categoria ausente no catálogo inspecionado.,disponibilidade_candidata,fb9403295b3428205f0fd128ce0c7cf4f4fb83e2437faade03e1ebfcd05d1291
Educação.pdf,1,Educação,Escolas de Natação,duplicada,escolas-de-natacao,Pesquisa específica vinculada ao destino já reconciliado; não gera taxon adicional. Atividade identificável no acervo; categoria ausente no catálogo inspecionado.,disponibilidade_candidata,fb9403295b3428205f0fd128ce0c7cf4f4fb83e2437faade03e1ebfcd05d1291
Educação.pdf,1,Educação,Escolas de Música,duplicada,escolas-de-musica,Pesquisa específica vinculada ao destino já reconciliado; não gera taxon adicional. Atividade identificável no acervo; categoria ausente no catálogo inspecionado.,disponibilidade_candidata,fb9403295b3428205f0fd128ce0c7cf4f4fb83e2437faade03e1ebfcd05d1291
Fitnes e Esportes.pdf,1,Fitnes e Esportes,Academias de Ginástica,duplicada,academias-de-ginastica,Pesquisa específica vinculada ao destino já reconciliado; não gera taxon adicional. Atividade identificável no acervo; categoria ausente no catálogo inspecionado.,disponibilidade_candidata,ebb01aadcce657ad78bfe4d38e37e002a33d308c007081c3d841bc79cf5867d9
Fitnes e Esportes.pdf,1,Fitnes e Esportes,Academias de Artes Marciais,duplicada,academias-de-artes-marciais,Pesquisa específica vinculada ao destino já reconciliado; não gera taxon adicional. Atividade identificável no acervo; categoria ausente no catálogo inspecionado.,disponibilidade_candidata,ebb01aadcce657ad78bfe4d38e37e002a33d308c007081c3d841bc79cf5867d9
Fitnes e Esportes.pdf,1,Fitnes e Esportes,Boxes de CrossFit,duplicada,boxes-de-crossfit,Pesquisa específica vinculada ao destino já reconciliado; não gera taxon adicional. Atividade identificável no acervo; categoria ausente no catálogo inspecionado.,disponibilidade_candidata,ebb01aadcce657ad78bfe4d38e37e002a33d308c007081c3d841bc79cf5867d9
Hotelaria e Turismo.pdf,1,Hotelaria e Turismo,Hotéis (Hotelaria),duplicada,hoteis,Pesquisa específica vinculada ao destino já reconciliado; não gera taxon adicional. Atividade identificável no acervo; categoria ausente no catálogo inspecionado.,disponibilidade_candidata,25a0041b2f0ce6848cbcd950f26a94025c0fcbe0b0845cccfad160f0035f7817
Hotelaria e Turismo.pdf,1,Hotelaria e Turismo,Motéis (Motelaria),duplicada,moteis,Pesquisa específica vinculada ao destino já reconciliado; não gera taxon adicional. Atividade identificável no acervo; categoria ausente no catálogo inspecionado.,disponibilidade_candidata,25a0041b2f0ce6848cbcd950f26a94025c0fcbe0b0845cccfad160f0035f7817
Hotelaria e Turismo.pdf,1,Hotelaria e Turismo,Agências de Turismo,duplicada,agencias-de-turismo,Pesquisa específica vinculada ao destino já reconciliado; não gera taxon adicional. Atividade identificável no acervo; categoria ausente no catálogo inspecionado.,disponibilidade_candidata,25a0041b2f0ce6848cbcd950f26a94025c0fcbe0b0845cccfad160f0035f7817
Imobiliário Construção.pdf,1,Imobiliário Construção,Imobiliárias,duplicada,imobiliarias,Pesquisa específica vinculada ao destino já reconciliado; não gera taxon adicional. Atividade identificável no acervo; categoria ausente no catálogo inspecionado.,disponibilidade_candidata,50f43b99ce6bc66d38dc2107de569eae3d20166af246c71772379dc2f2855941
Imobiliário Construção.pdf,1,Imobiliário Construção,Construtoras/Incorporadoras,duplicada,construtoras-e-incorporadoras,Pesquisa específica vinculada ao destino já reconciliado; não gera taxon adicional. Atividade identificável no acervo; categoria ausente no catálogo inspecionado.,disponibilidade_candidata,50f43b99ce6bc66d38dc2107de569eae3d20166af246c71772379dc2f2855941
Imobiliário Construção.pdf,1,Imobiliário Construção,Empresas de Engenharia,duplicada,empresas-de-engenharia,Pesquisa específica vinculada ao destino já reconciliado; não gera taxon adicional. Atividade identificável no acervo; categoria ausente no catálogo inspecionado.,disponibilidade_candidata,50f43b99ce6bc66d38dc2107de569eae3d20166af246c71772379dc2f2855941
Imobiliário Construção.pdf,1,Imobiliário Construção,Lojas de Material (Varejo),duplicada,lojas-de-materiais-de-construcao,Pesquisa específica vinculada ao destino já reconciliado; não gera taxon adicional. Atividade identificável no acervo; categoria ausente no catálogo inspecionado.,disponibilidade_candidata,50f43b99ce6bc66d38dc2107de569eae3d20166af246c71772379dc2f2855941
Imobiliário Construção.pdf,1,Imobiliário Construção,Material de Construção (Indústria),duplicada,fabricantes-de-materiais-de-construcao,"Pesquisa específica vinculada ao destino já reconciliado; não gera taxon adicional. Pesquisa distingue explicitamente indústria e varejo; criar somente atividade de fabricação, sem repetir loja.",disponibilidade_candidata,50f43b99ce6bc66d38dc2107de569eae3d20166af246c71772379dc2f2855941
Imobiliário Construção.pdf,1,Imobiliário Construção,Energia Solar,duplicada,empresas-de-energia-solar,Pesquisa específica vinculada ao destino já reconciliado; não gera taxon adicional. Pesquisa descreve empresas de instalação e projetos solares; tecnologia é contexto da atividade comprovada no documento.,disponibilidade_candidata,50f43b99ce6bc66d38dc2107de569eae3d20166af246c71772379dc2f2855941
Saúde e Bem-estar.pdf,1,Saúde e Bem-estar,Clínica de Estética,duplicada,clinica-estetica,"Pesquisa específica vinculada ao destino já reconciliado; não gera taxon adicional. Categoria existente preservada, inclusive hierarquia.",disponibilidade_candidata,56b892758bf9c02a22c2ae47223bffe9b41e5300b35a75224b77ea07046751d3
Saúde e Bem-estar.pdf,1,Saúde e Bem-estar,Médicos (Consultórios),duplicada,consultorio-medico,Pesquisa específica vinculada ao destino já reconciliado; não gera taxon adicional. Alias ativo médicos já aponta para consultorio-medico; nenhum alias criado.,disponibilidade_candidata,56b892758bf9c02a22c2ae47223bffe9b41e5300b35a75224b77ea07046751d3
Saúde e Bem-estar.pdf,1,Saúde e Bem-estar,Nutricionistas,duplicada,nutricionistas,Pesquisa específica vinculada ao destino já reconciliado; não gera taxon adicional. Atividade identificável no acervo; categoria ausente no catálogo inspecionado.,disponibilidade_candidata,56b892758bf9c02a22c2ae47223bffe9b41e5300b35a75224b77ea07046751d3
Saúde e Bem-estar.pdf,1,Saúde e Bem-estar,Clínicas Médicas,duplicada,clinicas-medicas,"Pesquisa específica vinculada ao destino já reconciliado; não gera taxon adicional. Organização clínica multiprofissional no acervo; distinta do consultório individual existente, que permanece.",disponibilidade_candidata,56b892758bf9c02a22c2ae47223bffe9b41e5300b35a75224b77ea07046751d3
Saúde e Bem-estar.pdf,1,Saúde e Bem-estar,Hospitais,duplicada,hospitais,Pesquisa específica vinculada ao destino já reconciliado; não gera taxon adicional. Atividade identificável no acervo; categoria ausente no catálogo inspecionado.,disponibilidade_candidata,56b892758bf9c02a22c2ae47223bffe9b41e5300b35a75224b77ea07046751d3
Saúde e Bem-estar.pdf,1,Saúde e Bem-estar,Fisioterapia,duplicada,fisioterapia,Pesquisa específica vinculada ao destino já reconciliado; não gera taxon adicional. Atividade identificável no acervo; categoria ausente no catálogo inspecionado.,disponibilidade_candidata,56b892758bf9c02a22c2ae47223bffe9b41e5300b35a75224b77ea07046751d3
Saúde e Bem-estar.pdf,1,Saúde e Bem-estar,Salão de Beleza,duplicada,saloes-de-beleza,Pesquisa específica vinculada ao destino já reconciliado; não gera taxon adicional. Atividade identificável no acervo; categoria ausente no catálogo inspecionado.,disponibilidade_candidata,56b892758bf9c02a22c2ae47223bffe9b41e5300b35a75224b77ea07046751d3
Saúde e Bem-estar.pdf,1,Saúde e Bem-estar,Odontologia,duplicada,odontologia,"Pesquisa específica vinculada ao destino já reconciliado; não gera taxon adicional. Categoria existente preservada, inclusive hierarquia.",disponibilidade_candidata,56b892758bf9c02a22c2ae47223bffe9b41e5300b35a75224b77ea07046751d3
Saúde e Bem-estar.pdf,1,Saúde e Bem-estar,Farmácia,duplicada,farmacias,Pesquisa específica vinculada ao destino já reconciliado; não gera taxon adicional. Atividade identificável no acervo; categoria ausente no catálogo inspecionado.,disponibilidade_candidata,56b892758bf9c02a22c2ae47223bffe9b41e5300b35a75224b77ea07046751d3
Saúde e Bem-estar.pdf,1,Saúde e Bem-estar,Spa,duplicada,spas,Pesquisa específica vinculada ao destino já reconciliado; não gera taxon adicional. Atividade identificável no acervo; categoria ausente no catálogo inspecionado.,disponibilidade_candidata,56b892758bf9c02a22c2ae47223bffe9b41e5300b35a75224b77ea07046751d3
Saúde e Bem-estar.pdf,1,Saúde e Bem-estar,Depilação a Laser,duplicada,clinica-estetica,Pesquisa específica vinculada ao destino já reconciliado; não gera taxon adicional. Procedimento/serviço da clínica estética; não criar nicho de oferta nem ultranicho.,disponibilidade_candidata,56b892758bf9c02a22c2ae47223bffe9b41e5300b35a75224b77ea07046751d3
Saúde e Bem-estar.pdf,1,Saúde e Bem-estar,Harmonização Facial,duplicada,harmonizacao-facial,"Pesquisa específica vinculada ao destino já reconciliado; não gera taxon adicional. Harmonização Facial existe; Botox permanece procedimento contextual, sem nova categoria.",disponibilidade_candidata,56b892758bf9c02a22c2ae47223bffe9b41e5300b35a75224b77ea07046751d3
Serviços Profissionais Consultoria.pdf,1,Serviços Profissionais Consultoria,Escritórios de Investimento,duplicada,escritorios-de-assessoria-de-investimentos,Pesquisa específica vinculada ao destino já reconciliado; não gera taxon adicional. Atividade identificável no acervo; categoria ausente no catálogo inspecionado.,disponibilidade_candidata,e1689e90ec84e6bc4715b94220ec6953bc8470496c244a2b6ebae7e8f3909472
Serviços Profissionais Consultoria.pdf,1,Serviços Profissionais Consultoria,Contadores,duplicada,escritorios-de-contabilidade,Pesquisa específica vinculada ao destino já reconciliado; não gera taxon adicional. Atividade identificável no acervo; categoria ausente no catálogo inspecionado.,disponibilidade_candidata,e1689e90ec84e6bc4715b94220ec6953bc8470496c244a2b6ebae7e8f3909472
Serviços Profissionais Consultoria.pdf,1,Serviços Profissionais Consultoria,Consultorias Empresariais,duplicada,consultorias-empresariais,Pesquisa específica vinculada ao destino já reconciliado; não gera taxon adicional. Pesquisa específica explicita consultoria empresarial; não converter qualquer consultoria em equivalente financeiro.,disponibilidade_candidata,e1689e90ec84e6bc4715b94220ec6953bc8470496c244a2b6ebae7e8f3909472
Serviços Profissionais Consultoria.pdf,1,Serviços Profissionais Consultoria,Advogados,duplicada,escritorios-de-advocacia,Pesquisa específica vinculada ao destino já reconciliado; não gera taxon adicional. Atividade identificável no acervo; categoria ausente no catálogo inspecionado.,disponibilidade_candidata,e1689e90ec84e6bc4715b94220ec6953bc8470496c244a2b6ebae7e8f3909472
Serviços Profissionais Consultoria.pdf,1,Serviços Profissionais Consultoria,Arquitetos,duplicada,escritorios-de-arquitetura,Pesquisa específica vinculada ao destino já reconciliado; não gera taxon adicional. Atividade identificável no acervo; categoria ausente no catálogo inspecionado.,disponibilidade_candidata,e1689e90ec84e6bc4715b94220ec6953bc8470496c244a2b6ebae7e8f3909472
Serviços Profissionais Consultoria.pdf,1,Serviços Profissionais Consultoria,Corretores de Imóveis (Imobiliário),duplicada,corretor-imoveis,Pesquisa específica vinculada ao destino já reconciliado; não gera taxon adicional. Pesquisa correspondente explicita corretores de imóveis; preservada hierarquia Imobiliário existente.,disponibilidade_candidata,e1689e90ec84e6bc4715b94220ec6953bc8470496c244a2b6ebae7e8f3909472
Varejo e Comércio Local 1.pdf,1,Varejo e Comércio Local 1,Lojas de Roupa,duplicada,lojas-de-roupa,Pesquisa específica vinculada ao destino já reconciliado; não gera taxon adicional. Atividade identificável no acervo; categoria ausente no catálogo inspecionado.,disponibilidade_candidata,8d36e0640c8776d403e1c8bf58971633c10090ead76cb4ebf4a170b6d26d1dc0
Varejo e Comércio Local 1.pdf,1,Varejo e Comércio Local 1,Lojas de Móveis,duplicada,lojas-de-moveis,Pesquisa específica vinculada ao destino já reconciliado; não gera taxon adicional. Atividade identificável no acervo; categoria ausente no catálogo inspecionado.,disponibilidade_candidata,8d36e0640c8776d403e1c8bf58971633c10090ead76cb4ebf4a170b6d26d1dc0
Varejo e Comércio Local 1.pdf,1,Varejo e Comércio Local 1,Móveis Planejados,duplicada,moveis-planejados,Pesquisa específica vinculada ao destino já reconciliado; não gera taxon adicional. Atividade identificável no acervo; categoria ausente no catálogo inspecionado.,disponibilidade_candidata,8d36e0640c8776d403e1c8bf58971633c10090ead76cb4ebf4a170b6d26d1dc0
Varejo e Comércio Local 1.pdf,1,Varejo e Comércio Local 1,Lojas de Manicure,pendente,,Lista sugere loja; pesquisa descreve atendimento de manicure. Comércio de insumos e serviço de unhas não são equivalentes comprovados.,pendente_classificacao,8d36e0640c8776d403e1c8bf58971633c10090ead76cb4ebf4a170b6d26d1dc0
Varejo e Comércio Local 1.pdf,1,Varejo e Comércio Local 1,Maquiagem/Perfumaria,duplicada,lojas-de-cosmeticos-e-perfumes,Pesquisa específica vinculada ao destino já reconciliado; não gera taxon adicional. Atividade identificável no acervo; categoria ausente no catálogo inspecionado.,disponibilidade_candidata,8d36e0640c8776d403e1c8bf58971633c10090ead76cb4ebf4a170b6d26d1dc0
Varejo e Comércio Local 1.pdf,1,Varejo e Comércio Local 1,Lojas de Iluminação,duplicada,lojas-de-iluminacao,Pesquisa específica vinculada ao destino já reconciliado; não gera taxon adicional. Atividade identificável no acervo; categoria ausente no catálogo inspecionado.,disponibilidade_candidata,8d36e0640c8776d403e1c8bf58971633c10090ead76cb4ebf4a170b6d26d1dc0
Varejo e Comércio Local 1.pdf,1,Varejo e Comércio Local 1,Pet Shops,duplicada,pet-shops,Pesquisa específica vinculada ao destino já reconciliado; não gera taxon adicional. Atividade identificável no acervo; categoria ausente no catálogo inspecionado.,disponibilidade_candidata,8d36e0640c8776d403e1c8bf58971633c10090ead76cb4ebf4a170b6d26d1dc0
Varejo e Comércio Local 2.pdf,1,Varejo e Comércio Local 2,Loja de Informática,duplicada,lojas-de-informatica,Pesquisa específica vinculada ao destino já reconciliado; não gera taxon adicional. Atividade identificável no acervo; categoria ausente no catálogo inspecionado.,disponibilidade_candidata,d2942178024ac97569ac4ab912e3dc06c3ee05260499dc02a2eb797a1ef58f97
Varejo e Comércio Local 2.pdf,1,Varejo e Comércio Local 2,Óticas,duplicada,oticas,Pesquisa específica vinculada ao destino já reconciliado; não gera taxon adicional. Atividade identificável no acervo; categoria ausente no catálogo inspecionado.,disponibilidade_candidata,d2942178024ac97569ac4ab912e3dc06c3ee05260499dc02a2eb797a1ef58f97
Varejo e Comércio Local 2.pdf,1,Varejo e Comércio Local 2,Bateria de Carro,duplicada,lojas-de-baterias-automotivas,Pesquisa específica vinculada ao destino já reconciliado; não gera taxon adicional. Atividade identificável no acervo; categoria ausente no catálogo inspecionado.,disponibilidade_candidata,d2942178024ac97569ac4ab912e3dc06c3ee05260499dc02a2eb797a1ef58f97
Varejo e Comércio Local 2.pdf,1,Varejo e Comércio Local 2,Loja de Sapatos,duplicada,lojas-de-calcados,Pesquisa específica vinculada ao destino já reconciliado; não gera taxon adicional. Atividade identificável no acervo; categoria ausente no catálogo inspecionado.,disponibilidade_candidata,d2942178024ac97569ac4ab912e3dc06c3ee05260499dc02a2eb797a1ef58f97
Varejo e Comércio Local 2.pdf,1,Varejo e Comércio Local 2,Loja de Colchão,duplicada,lojas-de-colchoes,Pesquisa específica vinculada ao destino já reconciliado; não gera taxon adicional. Atividade identificável no acervo; categoria ausente no catálogo inspecionado.,disponibilidade_candidata,d2942178024ac97569ac4ab912e3dc06c3ee05260499dc02a2eb797a1ef58f97
Varejo e Comércio Local 2.pdf,1,Varejo e Comércio Local 2,Utilidades do Lar,duplicada,lojas-de-utilidades-domesticas,Pesquisa específica vinculada ao destino já reconciliado; não gera taxon adicional. Atividade identificável no acervo; categoria ausente no catálogo inspecionado.,disponibilidade_candidata,d2942178024ac97569ac4ab912e3dc06c3ee05260499dc02a2eb797a1ef58f97
Varejo e Comércio Local 2.pdf,1,Varejo e Comércio Local 2,"Cama, Mesa e Banho",duplicada,lojas-de-cama-mesa-e-banho,Pesquisa específica vinculada ao destino já reconciliado; não gera taxon adicional. Atividade identificável no acervo; categoria ausente no catálogo inspecionado.,disponibilidade_candidata,d2942178024ac97569ac4ab912e3dc06c3ee05260499dc02a2eb797a1ef58f97
Varejo e Comércio Local 2.pdf,1,Varejo e Comércio Local 2,Aluguel de Roupas,duplicada,aluguel-de-roupas,"Pesquisa específica vinculada ao destino já reconciliado; não gera taxon adicional. Aluguel é atividade; gêneros e ocasião permanecem contexto, sem categorias próprias.",disponibilidade_candidata,d2942178024ac97569ac4ab912e3dc06c3ee05260499dc02a2eb797a1ef58f97
Varejo e Comércio Local 2.pdf,1,Varejo e Comércio Local 2,Joalheria,duplicada,joalherias,Pesquisa específica vinculada ao destino já reconciliado; não gera taxon adicional. Atividade identificável no acervo; categoria ausente no catálogo inspecionado.,disponibilidade_candidata,d2942178024ac97569ac4ab912e3dc06c3ee05260499dc02a2eb797a1ef58f97
Veículos e Transportes.pdf,1,Veículos e Transportes,Concessionárias de carros,duplicada,concessionarias-de-carros,Pesquisa específica vinculada ao destino já reconciliado; não gera taxon adicional. Atividade identificável no acervo; categoria ausente no catálogo inspecionado.,disponibilidade_candidata,dde9d34ab21dd2bd00d9e60259bb1e1fdd1b5fc8796699e8f3c2059f5a63e4d6
Veículos e Transportes.pdf,1,Veículos e Transportes,Concessionárias de lanchas,duplicada,concessionarias-de-lanchas,Pesquisa específica vinculada ao destino já reconciliado; não gera taxon adicional. Atividade identificável no acervo; categoria ausente no catálogo inspecionado.,disponibilidade_candidata,dde9d34ab21dd2bd00d9e60259bb1e1fdd1b5fc8796699e8f3c2059f5a63e4d6
Veículos e Transportes.pdf,1,Veículos e Transportes,Lojas de pneus,duplicada,lojas-de-pneus,Pesquisa específica vinculada ao destino já reconciliado; não gera taxon adicional. Atividade identificável no acervo; categoria ausente no catálogo inspecionado.,disponibilidade_candidata,dde9d34ab21dd2bd00d9e60259bb1e1fdd1b5fc8796699e8f3c2059f5a63e4d6
Veículos e Transportes.pdf,1,Veículos e Transportes,Empresas de mudanças,duplicada,empresas-de-mudancas,Pesquisa específica vinculada ao destino já reconciliado; não gera taxon adicional. Atividade identificável no acervo; categoria ausente no catálogo inspecionado.,disponibilidade_candidata,dde9d34ab21dd2bd00d9e60259bb1e1fdd1b5fc8796699e8f3c2059f5a63e4d6
Veículos e Transportes.pdf,1,Veículos e Transportes,Oficinas mecânicas,duplicada,oficinas-mecanicas,Pesquisa específica vinculada ao destino já reconciliado; não gera taxon adicional. Atividade identificável no acervo; categoria ausente no catálogo inspecionado.,disponibilidade_candidata,dde9d34ab21dd2bd00d9e60259bb1e1fdd1b5fc8796699e8f3c2059f5a63e4d6
